Title,Price,Rating,Colors,Size,Gender,Timestamp
t-shirt 2,1634400.0,3.9,3,M,Women,2025-04-13 07:55:19
hoodie 3,7950080.0,4.8,3,L,Unisex,2025-04-13 07:55:19
pants 4,7476960.0,3.3,3,XL,Men,2025-04-13 07:55:19
outerwear 5,5145440.0,3.5,3,XXL,Women,2025-04-13 07:55:19
jacket 6,2453920.0,3.3,3,S,Unisex,2025-04-13 07:55:19
crewneck 7,6892000.0,4.3,3,M,Men,2025-04-13 07:55:19
t-shirt 8,7802560.0,3.1,3,L,Women,2025-04-13 07:55:19
hoodie 9,3972160.0,3.2,3,XL,Unisex,2025-04-13 07:55:19
pants 10,3100160.0,4.2,3,XXL,Men,2025-04-13 07:55:19
jacket 12,8527840.0,3.9,3,M,Unisex,2025-04-13 07:55:19
crewneck 13,5447200.0,3.2,3,L,Men,2025-04-13 07:55:19
t-shirt 14,3248800.0,3.8,3,XL,Women,2025-04-13 07:55:19
hoodie 15,2184160.0,3.6,3,XXL,Unisex,2025-04-13 07:55:19
outerwear 17,841600.0,3.8,3,M,Women,2025-04-13 07:55:19
jacket 18,5500000.0,3.8,3,L,Unisex,2025-04-13 07:55:19
crewneck 19,1308960.0,3.6,3,XL,Men,2025-04-13 07:55:19
t-shirt 20,1325600.0,3.4,3,XXL,Women,2025-04-13 07:55:19
pants 22,4319680.0,4.9,3,M,Men,2025-04-13 07:55:20
outerwear 23,4655840.0,3.7,3,L,Women,2025-04-13 07:55:20
jacket 24,8223520.0,3.9,3,XL,Unisex,2025-04-13 07:55:20
crewneck 25,8322559.999999999,3.3,3,XXL,Men,2025-04-13 07:55:20
t-shirt 26,7292320.0,4.6,3,S,Women,2025-04-13 07:55:20
hoodie 27,3551840.0,4.8,3,M,Unisex,2025-04-13 07:55:20
pants 28,5216160.0,4.0,3,L,Men,2025-04-13 07:55:20
outerwear 29,861600.0,3.1,3,XL,Women,2025-04-13 07:55:20
jacket 30,8610240.0,3.7,3,XXL,Unisex,2025-04-13 07:55:20
t-shirt 32,6657920.0,3.4,3,M,Women,2025-04-13 07:55:20
hoodie 33,7248160.0,3.5,3,L,Unisex,2025-04-13 07:55:20
pants 34,8362719.999999999,3.8,3,XL,Men,2025-04-13 07:55:20
outerwear 35,1356160.0,3.8,3,XXL,Women,2025-04-13 07:55:20
jacket 36,7249280.0,3.7,3,S,Unisex,2025-04-13 07:55:20
crewneck 37,6006080.0,4.0,3,M,Men,2025-04-13 07:55:20
t-shirt 38,4866080.0,3.2,3,L,Women,2025-04-13 07:55:20
hoodie 39,6431200.0,4.6,3,XL,Unisex,2025-04-13 07:55:20
pants 40,5853600.0,3.1,3,XXL,Men,2025-04-13 07:55:20
jacket 42,6744160.0,3.7,3,M,Unisex,2025-04-13 07:55:21
crewneck 43,2909600.0,4.5,3,L,Men,2025-04-13 07:55:21
t-shirt 44,3312320.0,3.0,3,XL,Women,2025-04-13 07:55:21
hoodie 45,8693120.0,4.5,3,XXL,Unisex,2025-04-13 07:55:21
outerwear 47,6364640.0,3.2,3,M,Women,2025-04-13 07:55:21
jacket 48,4994720.0,3.4,3,L,Unisex,2025-04-13 07:55:21
crewneck 49,1071200.0,4.0,3,XL,Men,2025-04-13 07:55:21
t-shirt 50,5932960.0,3.1,3,XXL,Women,2025-04-13 07:55:21
pants 52,1596480.0,4.0,3,M,Men,2025-04-13 07:55:21
outerwear 53,4470880.0,4.3,3,L,Women,2025-04-13 07:55:21
jacket 54,854560.0,4.2,3,XL,Unisex,2025-04-13 07:55:21
crewneck 55,1793760.0,3.6,3,XXL,Men,2025-04-13 07:55:21
t-shirt 56,4643040.0,3.8,3,S,Women,2025-04-13 07:55:21
hoodie 57,3155360.0,4.9,3,M,Unisex,2025-04-13 07:55:21
pants 58,1637760.0,4.4,3,L,Men,2025-04-13 07:55:21
outerwear 59,2254240.0,4.6,3,XL,Women,2025-04-13 07:55:21
jacket 60,3375520.0,4.2,3,XXL,Unisex,2025-04-13 07:55:21
t-shirt 62,1376480.0,3.8,3,M,Women,2025-04-13 07:55:22
hoodie 63,6479200.0,3.6,3,L,Unisex,2025-04-13 07:55:22
pants 64,7728480.0,4.0,3,XL,Men,2025-04-13 07:55:22
outerwear 65,2385920.0,4.1,3,XXL,Women,2025-04-13 07:55:22
jacket 66,4353120.0,3.5,3,S,Unisex,2025-04-13 07:55:22
crewneck 67,8470720.0,3.5,3,M,Men,2025-04-13 07:55:22
t-shirt 68,8025280.0,4.0,3,L,Women,2025-04-13 07:55:22
hoodie 69,1027839.9999999999,3.6,3,XL,Unisex,2025-04-13 07:55:22
pants 70,1171360.0,4.4,3,XXL,Men,2025-04-13 07:55:22
jacket 72,3776000.0,4.4,3,M,Unisex,2025-04-13 07:55:22
crewneck 73,2460320.0,3.0,3,L,Men,2025-04-13 07:55:22
t-shirt 74,7704800.0,3.8,3,XL,Women,2025-04-13 07:55:22
hoodie 75,2101760.0,4.3,3,XXL,Unisex,2025-04-13 07:55:22
outerwear 77,861760.0,3.7,3,M,Women,2025-04-13 07:55:22
jacket 78,2716480.0,4.3,3,L,Unisex,2025-04-13 07:55:22
crewneck 79,3309600.0,4.6,3,XL,Men,2025-04-13 07:55:22
t-shirt 80,4178399.9999999995,4.5,3,XXL,Women,2025-04-13 07:55:22
pants 82,8315520.0,4.8,3,M,Men,2025-04-13 07:55:22
outerwear 83,3947840.0,3.7,3,L,Women,2025-04-13 07:55:22
jacket 84,2826080.0,4.8,3,XL,Unisex,2025-04-13 07:55:22
crewneck 85,4564160.0,3.5,3,XXL,Men,2025-04-13 07:55:22
t-shirt 86,1670880.0,3.9,3,S,Women,2025-04-13 07:55:22
hoodie 87,7870240.0,4.3,3,M,Unisex,2025-04-13 07:55:22
pants 88,7590400.0,3.1,3,L,Men,2025-04-13 07:55:22
outerwear 89,4856320.0,3.0,3,XL,Women,2025-04-13 07:55:22
jacket 90,7160000.0,4.0,3,XXL,Unisex,2025-04-13 07:55:22
t-shirt 92,5012320.0,3.5,3,M,Women,2025-04-13 07:55:22
hoodie 93,1365280.0,3.6,3,L,Unisex,2025-04-13 07:55:22
pants 94,1074880.0,4.3,3,XL,Men,2025-04-13 07:55:22
outerwear 95,6062240.0,3.5,3,XXL,Women,2025-04-13 07:55:22
jacket 96,4598240.0,4.9,3,S,Unisex,2025-04-13 07:55:22
crewneck 97,6113120.0,3.9,3,M,Men,2025-04-13 07:55:22
t-shirt 98,8596960.0,3.1,3,L,Women,2025-04-13 07:55:22
hoodie 99,5028000.0,3.6,3,XL,Unisex,2025-04-13 07:55:22
pants 100,2217280.0,4.6,3,XXL,Men,2025-04-13 07:55:22
jacket 102,3840640.0,3.3,3,M,Unisex,2025-04-13 07:55:24
crewneck 103,2331680.0,3.5,3,L,Men,2025-04-13 07:55:24
t-shirt 104,2374400.0,3.8,3,XL,Women,2025-04-13 07:55:24
hoodie 105,5019840.0,4.2,3,XXL,Unisex,2025-04-13 07:55:24
outerwear 107,6625120.0,4.0,3,M,Women,2025-04-13 07:55:24
jacket 108,5551680.0,4.8,3,L,Unisex,2025-04-13 07:55:24
crewneck 109,5886880.0,3.3,3,XL,Men,2025-04-13 07:55:24
t-shirt 110,7197120.0,4.6,3,XXL,Women,2025-04-13 07:55:24
pants 112,4261920.0,3.3,3,M,Men,2025-04-13 07:55:24
outerwear 113,4472000.0,3.7,3,L,Women,2025-04-13 07:55:24
jacket 114,5386560.0,4.9,3,XL,Unisex,2025-04-13 07:55:24
crewneck 115,1933280.0,4.5,3,XXL,Men,2025-04-13 07:55:24
t-shirt 116,3474560.0,3.0,3,S,Women,2025-04-13 07:55:24
hoodie 117,3376320.0,5.0,3,M,Unisex,2025-04-13 07:55:24
pants 118,5585440.0,3.2,3,L,Men,2025-04-13 07:55:24
outerwear 119,3561760.0,3.4,3,XL,Women,2025-04-13 07:55:24
jacket 120,7480320.0,4.0,3,XXL,Unisex,2025-04-13 07:55:24
t-shirt 122,1961920.0,3.6,3,M,Women,2025-04-13 07:55:24
hoodie 123,4498080.0,3.8,3,L,Unisex,2025-04-13 07:55:24
pants 124,7023520.0,3.2,3,XL,Men,2025-04-13 07:55:24
outerwear 125,6998240.0,4.2,3,XXL,Women,2025-04-13 07:55:24
jacket 126,4426080.0,3.9,3,S,Unisex,2025-04-13 07:55:24
crewneck 127,8311680.0,4.0,3,M,Men,2025-04-13 07:55:24
t-shirt 128,4466720.0,3.8,3,L,Women,2025-04-13 07:55:24
hoodie 129,2532480.0,4.5,3,XL,Unisex,2025-04-13 07:55:24
pants 130,6603520.0,4.8,3,XXL,Men,2025-04-13 07:55:24
jacket 132,6474880.0,4.2,3,M,Unisex,2025-04-13 07:55:24
crewneck 133,2016320.0,4.7,3,L,Men,2025-04-13 07:55:24
t-shirt 134,5937440.0,3.2,3,XL,Women,2025-04-13 07:55:24
hoodie 135,5141440.0,4.7,3,XXL,Unisex,2025-04-13 07:55:24
outerwear 137,6988320.0,4.5,3,M,Women,2025-04-13 07:55:24
jacket 138,4635520.0,3.4,3,L,Unisex,2025-04-13 07:55:24
crewneck 139,8053120.0,4.5,3,XL,Men,2025-04-13 07:55:24
t-shirt 140,6811040.0,3.5,3,XXL,Women,2025-04-13 07:55:24
pants 142,2325280.0,4.9,3,M,Men,2025-04-13 07:55:25
outerwear 143,3346560.0,4.9,3,L,Women,2025-04-13 07:55:25
jacket 144,5758240.0,4.3,3,XL,Unisex,2025-04-13 07:55:25
crewneck 145,3472800.0,4.8,3,XXL,Men,2025-04-13 07:55:25
t-shirt 146,7688640.0,4.3,3,S,Women,2025-04-13 07:55:25
hoodie 147,3052800.0,5.0,3,M,Unisex,2025-04-13 07:55:25
pants 148,6033440.0,4.7,3,L,Men,2025-04-13 07:55:25
outerwear 149,3105920.0,3.2,3,XL,Women,2025-04-13 07:55:25
jacket 150,1500640.0,3.6,3,XXL,Unisex,2025-04-13 07:55:25
t-shirt 152,6288640.0,4.2,3,M,Women,2025-04-13 07:55:25
hoodie 153,2660640.0,4.3,3,L,Unisex,2025-04-13 07:55:25
pants 154,2337440.0,3.0,3,XL,Men,2025-04-13 07:55:25
outerwear 155,3783200.0,4.1,3,XXL,Women,2025-04-13 07:55:25
jacket 156,6645120.0,3.6,3,S,Unisex,2025-04-13 07:55:25
crewneck 157,1105760.0,4.0,3,M,Men,2025-04-13 07:55:25
t-shirt 158,7321120.0,4.0,3,L,Women,2025-04-13 07:55:25
hoodie 159,2371680.0,4.9,3,XL,Unisex,2025-04-13 07:55:25
pants 160,2802880.0,3.4,3,XXL,Men,2025-04-13 07:55:25
jacket 162,1543840.0,4.5,3,M,Unisex,2025-04-13 07:55:26
crewneck 163,7861920.0,4.4,3,L,Men,2025-04-13 07:55:26
t-shirt 164,3512000.0,3.9,3,XL,Women,2025-04-13 07:55:26
hoodie 165,6921280.0,4.9,3,XXL,Unisex,2025-04-13 07:55:26
outerwear 167,3273760.0,3.1,3,M,Women,2025-04-13 07:55:26
jacket 168,870400.0,4.4,3,L,Unisex,2025-04-13 07:55:26
crewneck 169,8032800.0,4.7,3,XL,Men,2025-04-13 07:55:26
t-shirt 170,6677920.0,4.5,3,XXL,Women,2025-04-13 07:55:26
pants 172,1566080.0,4.9,3,M,Men,2025-04-13 07:55:26
outerwear 173,7034560.0,4.6,3,L,Women,2025-04-13 07:55:26
jacket 174,6282240.0,3.3,3,XL,Unisex,2025-04-13 07:55:26
crewneck 175,8125120.0,4.5,3,XXL,Men,2025-04-13 07:55:26
t-shirt 176,6104320.0,3.6,3,S,Women,2025-04-13 07:55:26
hoodie 177,1890400.0,4.6,3,M,Unisex,2025-04-13 07:55:26
pants 178,6184160.0,3.0,3,L,Men,2025-04-13 07:55:26
outerwear 179,5816640.0,3.5,3,XL,Women,2025-04-13 07:55:26
jacket 180,5552640.0,3.9,3,XXL,Unisex,2025-04-13 07:55:26
t-shirt 182,2334880.0,3.8,3,M,Women,2025-04-13 07:55:27
hoodie 183,3904640.0,3.6,3,L,Unisex,2025-04-13 07:55:27
pants 184,7759520.0,4.5,3,XL,Men,2025-04-13 07:55:27
outerwear 185,7822880.0,3.2,3,XXL,Women,2025-04-13 07:55:27
jacket 186,6940480.0,4.2,3,S,Unisex,2025-04-13 07:55:27
crewneck 187,6663520.0,3.8,3,M,Men,2025-04-13 07:55:27
t-shirt 188,3927840.0,4.4,3,L,Women,2025-04-13 07:55:27
hoodie 189,1946720.0,4.0,3,XL,Unisex,2025-04-13 07:55:27
pants 190,2220960.0,4.5,3,XXL,Men,2025-04-13 07:55:27
jacket 192,5066240.0,3.8,3,M,Unisex,2025-04-13 07:55:27
crewneck 193,7355680.0,4.1,3,L,Men,2025-04-13 07:55:27
t-shirt 194,2818720.0,4.9,3,XL,Women,2025-04-13 07:55:27
hoodie 195,7208960.0,4.9,3,XXL,Unisex,2025-04-13 07:55:27
outerwear 197,5681600.0,4.9,3,M,Women,2025-04-13 07:55:27
jacket 198,5435040.0,4.5,3,L,Unisex,2025-04-13 07:55:27
crewneck 199,6744320.0,3.1,3,XL,Men,2025-04-13 07:55:27
t-shirt 200,6289920.0,3.5,3,XXL,Women,2025-04-13 07:55:27
pants 202,5592480.0,3.3,3,M,Men,2025-04-13 07:55:28
outerwear 203,2144000.0,3.4,3,L,Women,2025-04-13 07:55:28
jacket 204,6031040.0,3.9,3,XL,Unisex,2025-04-13 07:55:28
crewneck 205,6434880.0,3.2,3,XXL,Men,2025-04-13 07:55:28
t-shirt 206,4674720.0,4.5,3,S,Women,2025-04-13 07:55:28
hoodie 207,6101440.0,3.5,3,M,Unisex,2025-04-13 07:55:28
pants 208,4637600.0,3.1,3,L,Men,2025-04-13 07:55:28
outerwear 209,7980640.0,4.3,3,XL,Women,2025-04-13 07:55:28
jacket 210,7827360.0,4.7,3,XXL,Unisex,2025-04-13 07:55:28
t-shirt 212,8794880.0,4.7,3,M,Women,2025-04-13 07:55:28
hoodie 213,5748000.0,3.6,3,L,Unisex,2025-04-13 07:55:28
pants 214,4315680.0,4.9,3,XL,Men,2025-04-13 07:55:28
outerwear 215,1449600.0,3.8,3,XXL,Women,2025-04-13 07:55:28
jacket 216,4576480.0,4.6,3,S,Unisex,2025-04-13 07:55:28
crewneck 217,5772960.0,4.8,3,M,Men,2025-04-13 07:55:28
t-shirt 218,5600320.0,3.1,3,L,Women,2025-04-13 07:55:28
hoodie 219,5671040.0,4.6,3,XL,Unisex,2025-04-13 07:55:28
pants 220,3357600.0,3.2,3,XXL,Men,2025-04-13 07:55:28
jacket 222,7438080.0,3.4,3,M,Unisex,2025-04-13 07:55:28
crewneck 223,952960.0,4.8,3,L,Men,2025-04-13 07:55:28
t-shirt 224,3534560.0,4.5,3,XL,Women,2025-04-13 07:55:28
hoodie 225,5232800.0,3.5,3,XXL,Unisex,2025-04-13 07:55:28
outerwear 227,6742560.0,4.8,3,M,Women,2025-04-13 07:55:28
jacket 228,8076800.0,4.5,3,L,Unisex,2025-04-13 07:55:28
crewneck 229,3101920.0,4.9,3,XL,Men,2025-04-13 07:55:28
t-shirt 230,7133280.0,4.5,3,XXL,Women,2025-04-13 07:55:28
pants 232,8327360.000000001,4.0,3,M,Men,2025-04-13 07:55:28
outerwear 233,847360.0,4.8,3,L,Women,2025-04-13 07:55:28
jacket 234,1159200.0,4.5,3,XL,Unisex,2025-04-13 07:55:28
crewneck 235,6560320.0,3.4,3,XXL,Men,2025-04-13 07:55:28
t-shirt 236,5492320.0,3.9,3,S,Women,2025-04-13 07:55:28
hoodie 237,4743520.0,3.1,3,M,Unisex,2025-04-13 07:55:28
pants 238,8301920.0,3.8,3,L,Men,2025-04-13 07:55:28
outerwear 239,7934080.0,3.1,3,XL,Women,2025-04-13 07:55:28
jacket 240,7600000.0,3.8,3,XXL,Unisex,2025-04-13 07:55:28
t-shirt 242,4833600.0,3.4,3,M,Women,2025-04-13 07:55:30
hoodie 243,3371680.0,3.1,3,L,Unisex,2025-04-13 07:55:30
pants 244,8116160.0,3.1,3,XL,Men,2025-04-13 07:55:30
outerwear 245,1451680.0,4.0,3,XXL,Women,2025-04-13 07:55:30
jacket 246,8735040.0,3.1,3,S,Unisex,2025-04-13 07:55:30
crewneck 247,8769120.0,3.0,3,M,Men,2025-04-13 07:55:30
t-shirt 248,2280000.0,4.5,3,L,Women,2025-04-13 07:55:30
hoodie 249,2149440.0,4.2,3,XL,Unisex,2025-04-13 07:55:30
pants 250,4314240.0,3.1,3,XXL,Men,2025-04-13 07:55:30
jacket 252,8408480.0,3.2,3,M,Unisex,2025-04-13 07:55:30
crewneck 253,1854720.0,3.9,3,L,Men,2025-04-13 07:55:30
t-shirt 254,5984160.0,3.9,3,XL,Women,2025-04-13 07:55:30
hoodie 255,3668000.0,4.1,3,XXL,Unisex,2025-04-13 07:55:30
outerwear 257,7073120.0,5.0,3,M,Women,2025-04-13 07:55:30
jacket 258,2080639.9999999998,4.7,3,L,Unisex,2025-04-13 07:55:30
crewneck 259,2275520.0,3.3,3,XL,Men,2025-04-13 07:55:30
t-shirt 260,6271520.0,3.5,3,XXL,Women,2025-04-13 07:55:30
pants 262,1097760.0,3.4,3,M,Men,2025-04-13 07:55:31
outerwear 263,1878400.0,4.2,3,L,Women,2025-04-13 07:55:31
jacket 264,2063040.0,4.8,3,XL,Unisex,2025-04-13 07:55:31
crewneck 265,2483040.0,3.5,3,XXL,Men,2025-04-13 07:55:31
t-shirt 266,4842080.0,4.6,3,S,Women,2025-04-13 07:55:31
hoodie 267,4086240.0,4.3,3,M,Unisex,2025-04-13 07:55:31
pants 268,5005120.0,3.6,3,L,Men,2025-04-13 07:55:31
outerwear 269,8073920.0,3.1,3,XL,Women,2025-04-13 07:55:31
jacket 270,2569120.0,4.2,3,XXL,Unisex,2025-04-13 07:55:31
t-shirt 272,5811840.0,3.3,3,M,Women,2025-04-13 07:55:31
hoodie 273,5291360.0,4.9,3,L,Unisex,2025-04-13 07:55:31
pants 274,3669280.0,4.2,3,XL,Men,2025-04-13 07:55:31
outerwear 275,5575360.0,4.8,3,XXL,Women,2025-04-13 07:55:31
jacket 276,1013600.0,4.3,3,S,Unisex,2025-04-13 07:55:31
crewneck 277,2383680.0,4.7,3,M,Men,2025-04-13 07:55:31
t-shirt 278,2087360.0000000002,3.8,3,L,Women,2025-04-13 07:55:31
hoodie 279,5592320.0,4.7,3,XL,Unisex,2025-04-13 07:55:31
pants 280,7501440.0,3.9,3,XXL,Men,2025-04-13 07:55:31
jacket 282,2227040.0,3.0,3,M,Unisex,2025-04-13 07:55:31
crewneck 283,6633120.0,3.2,3,L,Men,2025-04-13 07:55:31
t-shirt 284,6568000.0,3.6,3,XL,Women,2025-04-13 07:55:31
hoodie 285,3009120.0,3.2,3,XXL,Unisex,2025-04-13 07:55:31
outerwear 287,5273600.0,3.7,3,M,Women,2025-04-13 07:55:31
jacket 288,3123040.0,4.1,3,L,Unisex,2025-04-13 07:55:31
crewneck 289,888000.0,4.0,3,XL,Men,2025-04-13 07:55:31
t-shirt 290,6425120.0,4.2,3,XXL,Women,2025-04-13 07:55:31
pants 292,2384480.0,3.9,3,M,Men,2025-04-13 07:55:31
outerwear 293,1176160.0,4.5,3,L,Women,2025-04-13 07:55:31
jacket 294,5947200.0,3.8,3,XL,Unisex,2025-04-13 07:55:31
crewneck 295,7266720.0,4.9,3,XXL,Men,2025-04-13 07:55:31
t-shirt 296,1172160.0,3.1,3,S,Women,2025-04-13 07:55:31
hoodie 297,7801120.0,3.6,3,M,Unisex,2025-04-13 07:55:31
pants 298,2426080.0,4.8,3,L,Men,2025-04-13 07:55:31
outerwear 299,1947840.0,4.3,3,XL,Women,2025-04-13 07:55:31
jacket 300,6408480.0,4.0,3,XXL,Unisex,2025-04-13 07:55:31
t-shirt 302,5711200.0,3.2,3,M,Women,2025-04-13 07:55:32
hoodie 303,7974560.0,4.1,3,L,Unisex,2025-04-13 07:55:32
pants 304,7129760.0,3.4,3,XL,Men,2025-04-13 07:55:32
outerwear 305,6325440.0,4.5,3,XXL,Women,2025-04-13 07:55:32
jacket 306,7575040.0,4.2,3,S,Unisex,2025-04-13 07:55:32
crewneck 307,7735200.0,3.7,3,M,Men,2025-04-13 07:55:32
t-shirt 308,4086080.0,4.1,3,L,Women,2025-04-13 07:55:32
hoodie 309,3953120.0,4.8,3,XL,Unisex,2025-04-13 07:55:32
pants 310,6329280.0,4.7,3,XXL,Men,2025-04-13 07:55:32
jacket 312,7267040.0,3.8,3,M,Unisex,2025-04-13 07:55:32
crewneck 313,1948320.0,3.1,3,L,Men,2025-04-13 07:55:32
t-shirt 314,6017120.0,3.2,3,XL,Women,2025-04-13 07:55:32
hoodie 315,7022880.0,3.1,3,XXL,Unisex,2025-04-13 07:55:32
outerwear 317,5259040.0,3.3,3,M,Women,2025-04-13 07:55:32
jacket 318,5667200.0,3.7,3,L,Unisex,2025-04-13 07:55:32
crewneck 319,3085920.0,3.3,3,XL,Men,2025-04-13 07:55:32
t-shirt 320,829440.0,3.3,3,XXL,Women,2025-04-13 07:55:32
pants 322,7810400.0,3.2,3,M,Men,2025-04-13 07:55:33
outerwear 323,8468000.0,3.1,3,L,Women,2025-04-13 07:55:33
jacket 324,6082720.0,3.3,3,XL,Unisex,2025-04-13 07:55:33
crewneck 325,3001760.0,3.4,3,XXL,Men,2025-04-13 07:55:33
t-shirt 326,4519360.0,4.9,3,S,Women,2025-04-13 07:55:33
hoodie 327,6641440.0,4.4,3,M,Unisex,2025-04-13 07:55:33
pants 328,5732960.0,4.5,3,L,Men,2025-04-13 07:55:33
outerwear 329,6724160.0,4.7,3,XL,Women,2025-04-13 07:55:33
jacket 330,1591200.0,4.3,3,XXL,Unisex,2025-04-13 07:55:33
t-shirt 332,2335680.0,3.4,3,M,Women,2025-04-13 07:55:33
hoodie 333,1746080.0,4.8,3,L,Unisex,2025-04-13 07:55:33
pants 334,2409440.0,3.8,3,XL,Men,2025-04-13 07:55:33
outerwear 335,2826720.0,3.0,3,XXL,Women,2025-04-13 07:55:33
jacket 336,6237760.0,5.0,3,S,Unisex,2025-04-13 07:55:33
crewneck 337,8608800.0,4.3,3,M,Men,2025-04-13 07:55:33
t-shirt 338,2883360.0,3.9,3,L,Women,2025-04-13 07:55:33
hoodie 339,4424800.0,4.9,3,XL,Unisex,2025-04-13 07:55:33
pants 340,5975200.0,4.3,3,XXL,Men,2025-04-13 07:55:33
jacket 342,1827680.0,4.8,3,M,Unisex,2025-04-13 07:55:34
crewneck 343,2279040.0,4.1,3,L,Men,2025-04-13 07:55:34
t-shirt 344,3415680.0,4.5,3,XL,Women,2025-04-13 07:55:34
hoodie 345,7577440.0,3.3,3,XXL,Unisex,2025-04-13 07:55:34
outerwear 347,6986080.0,4.7,3,M,Women,2025-04-13 07:55:34
jacket 348,3195040.0,4.6,3,L,Unisex,2025-04-13 07:55:34
crewneck 349,6085600.0,3.5,3,XL,Men,2025-04-13 07:55:34
t-shirt 350,8047680.0,5.0,3,XXL,Women,2025-04-13 07:55:34
pants 352,2838880.0,4.0,3,M,Men,2025-04-13 07:55:34
outerwear 353,961600.0,3.6,3,L,Women,2025-04-13 07:55:34
jacket 354,2294720.0,3.8,3,XL,Unisex,2025-04-13 07:55:34
crewneck 355,4246560.0,3.2,3,XXL,Men,2025-04-13 07:55:34
t-shirt 356,7150080.0,4.3,3,S,Women,2025-04-13 07:55:34
hoodie 357,3739360.0,3.6,3,M,Unisex,2025-04-13 07:55:34
pants 358,8479520.0,3.9,3,L,Men,2025-04-13 07:55:34
outerwear 359,1696480.0,4.3,3,XL,Women,2025-04-13 07:55:34
jacket 360,8788320.0,4.8,3,XXL,Unisex,2025-04-13 07:55:34
t-shirt 362,4776800.0,5.0,3,M,Women,2025-04-13 07:55:35
hoodie 363,1171360.0,3.2,3,L,Unisex,2025-04-13 07:55:35
pants 364,4972800.0,4.8,3,XL,Men,2025-04-13 07:55:35
outerwear 365,6956480.0,4.5,3,XXL,Women,2025-04-13 07:55:35
jacket 366,5854880.0,4.9,3,S,Unisex,2025-04-13 07:55:35
crewneck 367,8359360.000000001,4.9,3,M,Men,2025-04-13 07:55:35
t-shirt 368,965120.0,3.2,3,L,Women,2025-04-13 07:55:35
hoodie 369,7204960.0,4.7,3,XL,Unisex,2025-04-13 07:55:35
pants 370,4559680.0,3.6,3,XXL,Men,2025-04-13 07:55:35
jacket 372,5052960.0,3.6,3,M,Unisex,2025-04-13 07:55:35
crewneck 373,2231040.0,3.6,3,L,Men,2025-04-13 07:55:35
t-shirt 374,7697120.0,3.9,3,XL,Women,2025-04-13 07:55:35
hoodie 375,7027520.0,3.9,3,XXL,Unisex,2025-04-13 07:55:35
outerwear 377,6802080.0,4.8,3,M,Women,2025-04-13 07:55:35
jacket 378,3402400.0,3.6,3,L,Unisex,2025-04-13 07:55:35
crewneck 379,3963200.0,4.4,3,XL,Men,2025-04-13 07:55:35
t-shirt 380,2547040.0,3.8,3,XXL,Women,2025-04-13 07:55:35
pants 382,1356160.0,4.4,3,M,Men,2025-04-13 07:55:36
outerwear 383,3431040.0,3.4,3,L,Women,2025-04-13 07:55:36
jacket 384,1452960.0,3.3,3,XL,Unisex,2025-04-13 07:55:36
crewneck 385,7950720.0,4.9,3,XXL,Men,2025-04-13 07:55:36
t-shirt 386,4793600.0,4.6,3,S,Women,2025-04-13 07:55:36
hoodie 387,8418080.0,4.2,3,M,Unisex,2025-04-13 07:55:36
pants 388,931200.0,3.1,3,L,Men,2025-04-13 07:55:36
outerwear 389,2883200.0,5.0,3,XL,Women,2025-04-13 07:55:36
jacket 390,5432960.0,3.3,3,XXL,Unisex,2025-04-13 07:55:36
t-shirt 392,1226080.0,4.4,3,M,Women,2025-04-13 07:55:36
hoodie 393,4068480.0,3.2,3,L,Unisex,2025-04-13 07:55:36
pants 394,3540000.0,3.3,3,XL,Men,2025-04-13 07:55:36
outerwear 395,3098720.0,4.0,3,XXL,Women,2025-04-13 07:55:36
jacket 396,2505280.0,3.9,3,S,Unisex,2025-04-13 07:55:36
crewneck 397,855360.0,3.6,3,M,Men,2025-04-13 07:55:36
t-shirt 398,4592800.0,4.7,3,L,Women,2025-04-13 07:55:36
hoodie 399,2523520.0,3.6,3,XL,Unisex,2025-04-13 07:55:36
pants 400,6020640.0,4.7,3,XXL,Men,2025-04-13 07:55:36
jacket 402,2029120.0,4.6,3,M,Unisex,2025-04-13 07:55:37
crewneck 403,1580320.0,4.1,3,L,Men,2025-04-13 07:55:37
t-shirt 404,3501120.0,4.9,3,XL,Women,2025-04-13 07:55:37
hoodie 405,5080160.0,3.8,3,XXL,Unisex,2025-04-13 07:55:37
outerwear 407,2761280.0,3.7,3,M,Women,2025-04-13 07:55:37
jacket 408,4176000.0,4.9,3,L,Unisex,2025-04-13 07:55:37
crewneck 409,3221760.0,3.5,3,XL,Men,2025-04-13 07:55:37
t-shirt 410,1586720.0,3.1,3,XXL,Women,2025-04-13 07:55:37
pants 412,5438240.0,4.4,3,M,Men,2025-04-13 07:55:37
outerwear 413,1306400.0,3.4,3,L,Women,2025-04-13 07:55:37
jacket 414,2234720.0,3.7,3,XL,Unisex,2025-04-13 07:55:37
crewneck 415,3617440.0,3.1,3,XXL,Men,2025-04-13 07:55:37
t-shirt 416,4454080.0,3.1,3,S,Women,2025-04-13 07:55:37
hoodie 417,2769440.0,4.6,3,M,Unisex,2025-04-13 07:55:37
pants 418,6307840.0,5.0,3,L,Men,2025-04-13 07:55:37
outerwear 419,7004000.0,5.0,3,XL,Women,2025-04-13 07:55:37
jacket 420,2472640.0,3.1,3,XXL,Unisex,2025-04-13 07:55:37
t-shirt 422,924320.0,3.9,3,M,Women,2025-04-13 07:55:38
hoodie 423,4601760.0,3.7,3,L,Unisex,2025-04-13 07:55:38
pants 424,3865760.0,4.4,3,XL,Men,2025-04-13 07:55:38
outerwear 425,2528480.0,4.8,3,XXL,Women,2025-04-13 07:55:38
jacket 426,3462400.0,3.4,3,S,Unisex,2025-04-13 07:55:38
crewneck 427,6375200.0,3.3,3,M,Men,2025-04-13 07:55:38
t-shirt 428,7053120.0,4.9,3,L,Women,2025-04-13 07:55:38
hoodie 429,1658560.0,4.9,3,XL,Unisex,2025-04-13 07:55:38
pants 430,1442080.0,3.9,3,XXL,Men,2025-04-13 07:55:38
jacket 432,2151840.0,4.5,3,M,Unisex,2025-04-13 07:55:38
crewneck 433,3872480.0,4.2,3,L,Men,2025-04-13 07:55:38
t-shirt 434,6557120.0,4.9,3,XL,Women,2025-04-13 07:55:38
hoodie 435,1015680.0,4.0,3,XXL,Unisex,2025-04-13 07:55:38
outerwear 437,1016800.0,3.9,3,M,Women,2025-04-13 07:55:38
jacket 438,2453120.0,4.5,3,L,Unisex,2025-04-13 07:55:38
crewneck 439,4005440.0,3.2,3,XL,Men,2025-04-13 07:55:38
t-shirt 440,5326080.0,3.0,3,XXL,Women,2025-04-13 07:55:38
pants 442,4701600.0,4.3,3,M,Men,2025-04-13 07:55:38
outerwear 443,7262720.0,4.2,3,L,Women,2025-04-13 07:55:38
jacket 444,4016960.0,3.3,3,XL,Unisex,2025-04-13 07:55:38
crewneck 445,3574240.0,4.5,3,XXL,Men,2025-04-13 07:55:38
t-shirt 446,7740160.0,3.2,3,S,Women,2025-04-13 07:55:38
hoodie 447,4748640.0,4.0,3,M,Unisex,2025-04-13 07:55:38
pants 448,820160.0,4.4,3,L,Men,2025-04-13 07:55:38
outerwear 449,6410080.0,4.0,3,XL,Women,2025-04-13 07:55:38
jacket 450,8754880.0,3.1,3,XXL,Unisex,2025-04-13 07:55:38
t-shirt 452,6892800.0,4.4,3,M,Women,2025-04-13 07:55:38
hoodie 453,6576960.0,4.2,3,L,Unisex,2025-04-13 07:55:38
pants 454,2179520.0,5.0,3,XL,Men,2025-04-13 07:55:38
outerwear 455,1094080.0,4.8,3,XXL,Women,2025-04-13 07:55:38
jacket 456,8096000.0,4.1,3,S,Unisex,2025-04-13 07:55:38
crewneck 457,7342880.0,4.8,3,M,Men,2025-04-13 07:55:38
t-shirt 458,4240000.0,4.4,3,L,Women,2025-04-13 07:55:38
hoodie 459,3237280.0,3.5,3,XL,Unisex,2025-04-13 07:55:38
pants 460,1880800.0,3.6,3,XXL,Men,2025-04-13 07:55:38
jacket 462,6767840.0,4.5,3,M,Unisex,2025-04-13 07:55:39
crewneck 463,7539520.0,4.5,3,L,Men,2025-04-13 07:55:39
t-shirt 464,6070080.0,4.5,3,XL,Women,2025-04-13 07:55:39
hoodie 465,6164320.0,4.7,3,XXL,Unisex,2025-04-13 07:55:39
outerwear 467,1325920.0,3.5,3,M,Women,2025-04-13 07:55:39
jacket 468,4584960.0,3.7,3,L,Unisex,2025-04-13 07:55:39
crewneck 469,1738880.0,4.2,3,XL,Men,2025-04-13 07:55:39
t-shirt 470,7738880.0,3.1,3,XXL,Women,2025-04-13 07:55:39
pants 472,3902080.0,3.1,3,M,Men,2025-04-13 07:55:39
outerwear 473,5478080.0,4.2,3,L,Women,2025-04-13 07:55:39
jacket 474,5864960.0,4.7,3,XL,Unisex,2025-04-13 07:55:39
crewneck 475,7017280.0,4.6,3,XXL,Men,2025-04-13 07:55:39
t-shirt 476,3986240.0,4.3,3,S,Women,2025-04-13 07:55:39
hoodie 477,6626080.0,4.2,3,M,Unisex,2025-04-13 07:55:39
pants 478,4912000.0,3.8,3,L,Men,2025-04-13 07:55:39
outerwear 479,7302400.0,4.4,3,XL,Women,2025-04-13 07:55:39
jacket 480,4986240.0,4.2,3,XXL,Unisex,2025-04-13 07:55:39
t-shirt 482,3352480.0,4.8,3,M,Women,2025-04-13 07:55:40
hoodie 483,4035040.0,4.2,3,L,Unisex,2025-04-13 07:55:40
pants 484,6428640.0,4.1,3,XL,Men,2025-04-13 07:55:40
outerwear 485,4044480.0,4.7,3,XXL,Women,2025-04-13 07:55:40
jacket 486,2573760.0,3.0,3,S,Unisex,2025-04-13 07:55:40
crewneck 487,6955520.0,3.7,3,M,Men,2025-04-13 07:55:40
t-shirt 488,8789760.0,3.8,3,L,Women,2025-04-13 07:55:40
hoodie 489,3554560.0,5.0,3,XL,Unisex,2025-04-13 07:55:40
pants 490,7081600.0,3.1,3,XXL,Men,2025-04-13 07:55:40
jacket 492,6011840.0,3.0,3,M,Unisex,2025-04-13 07:55:40
crewneck 493,5071520.0,4.8,3,L,Men,2025-04-13 07:55:40
t-shirt 494,1390080.0,3.4,3,XL,Women,2025-04-13 07:55:40
hoodie 495,1663200.0,4.5,3,XXL,Unisex,2025-04-13 07:55:40
outerwear 497,3957760.0,4.4,3,M,Women,2025-04-13 07:55:40
jacket 498,4412800.0,4.6,3,L,Unisex,2025-04-13 07:55:40
crewneck 499,7825920.0,4.1,3,XL,Men,2025-04-13 07:55:40
t-shirt 500,8114400.0,4.2,3,XXL,Women,2025-04-13 07:55:40
pants 502,7132480.0,4.4,3,M,Men,2025-04-13 07:55:41
outerwear 503,4924480.0,4.8,3,L,Women,2025-04-13 07:55:41
jacket 504,8024480.0,5.0,3,XL,Unisex,2025-04-13 07:55:41
crewneck 505,8747680.0,4.3,3,XXL,Men,2025-04-13 07:55:41
t-shirt 506,8572000.0,3.6,3,S,Women,2025-04-13 07:55:41
hoodie 507,6844000.0,4.7,3,M,Unisex,2025-04-13 07:55:41
pants 508,7766080.0,3.5,3,L,Men,2025-04-13 07:55:41
outerwear 509,7178400.0,3.1,3,XL,Women,2025-04-13 07:55:41
jacket 510,1562080.0,3.4,3,XXL,Unisex,2025-04-13 07:55:41
t-shirt 512,4319680.0,3.7,3,M,Women,2025-04-13 07:55:41
hoodie 513,1693760.0,4.4,3,L,Unisex,2025-04-13 07:55:41
pants 514,6888960.0,3.9,3,XL,Men,2025-04-13 07:55:41
outerwear 515,7262560.0,3.1,3,XXL,Women,2025-04-13 07:55:41
jacket 516,7130720.0,3.4,3,S,Unisex,2025-04-13 07:55:41
crewneck 517,1069280.0,3.5,3,M,Men,2025-04-13 07:55:41
t-shirt 518,2575680.0,4.1,3,L,Women,2025-04-13 07:55:41
hoodie 519,2236160.0,4.5,3,XL,Unisex,2025-04-13 07:55:41
pants 520,2308320.0,3.8,3,XXL,Men,2025-04-13 07:55:41
jacket 522,6292960.0,4.0,3,M,Unisex,2025-04-13 07:55:42
crewneck 523,3626720.0,4.6,3,L,Men,2025-04-13 07:55:42
t-shirt 524,936000.0,3.8,3,XL,Women,2025-04-13 07:55:42
hoodie 525,7919040.0,3.6,3,XXL,Unisex,2025-04-13 07:55:42
outerwear 527,4669280.0,3.6,3,M,Women,2025-04-13 07:55:42
jacket 528,5595840.0,4.0,3,L,Unisex,2025-04-13 07:55:42
crewneck 529,1420160.0,3.2,3,XL,Men,2025-04-13 07:55:42
t-shirt 530,6173760.0,3.3,3,XXL,Women,2025-04-13 07:55:42
pants 532,8391200.0,4.1,3,M,Men,2025-04-13 07:55:42
outerwear 533,3370240.0,4.2,3,L,Women,2025-04-13 07:55:42
jacket 534,3479200.0,3.7,3,XL,Unisex,2025-04-13 07:55:42
crewneck 535,3901280.0,3.7,3,XXL,Men,2025-04-13 07:55:42
t-shirt 536,5092480.0,3.0,3,S,Women,2025-04-13 07:55:42
hoodie 537,8671840.0,3.1,3,M,Unisex,2025-04-13 07:55:42
pants 538,6134240.0,3.4,3,L,Men,2025-04-13 07:55:42
outerwear 539,4692640.0,4.7,3,XL,Women,2025-04-13 07:55:42
jacket 540,7051840.0,4.4,3,XXL,Unisex,2025-04-13 07:55:42
t-shirt 542,4761440.0,3.5,3,M,Women,2025-04-13 07:55:44
hoodie 543,8715680.0,4.7,3,L,Unisex,2025-04-13 07:55:44
pants 544,5957760.0,3.1,3,XL,Men,2025-04-13 07:55:44
outerwear 545,3579360.0,4.0,3,XXL,Women,2025-04-13 07:55:44
jacket 546,6271520.0,3.3,3,S,Unisex,2025-04-13 07:55:44
crewneck 547,5361120.0,3.9,3,M,Men,2025-04-13 07:55:44
t-shirt 548,2686240.0,4.6,3,L,Women,2025-04-13 07:55:44
hoodie 549,2687200.0,3.7,3,XL,Unisex,2025-04-13 07:55:44
pants 550,4450080.0,4.9,3,XXL,Men,2025-04-13 07:55:44
jacket 552,5380320.0,4.1,3,M,Unisex,2025-04-13 07:55:44
crewneck 553,7760800.0,3.8,3,L,Men,2025-04-13 07:55:44
t-shirt 554,4001120.0,4.5,3,XL,Women,2025-04-13 07:55:44
hoodie 555,1809600.0,3.0,3,XXL,Unisex,2025-04-13 07:55:44
outerwear 557,5460480.0,3.4,3,M,Women,2025-04-13 07:55:44
jacket 558,5007040.0,4.0,3,L,Unisex,2025-04-13 07:55:44
crewneck 559,1590880.0,3.5,3,XL,Men,2025-04-13 07:55:44
t-shirt 560,6885280.0,4.2,3,XXL,Women,2025-04-13 07:55:44
pants 562,3724160.0,4.5,3,M,Men,2025-04-13 07:55:45
outerwear 563,8197440.000000001,4.7,3,L,Women,2025-04-13 07:55:45
jacket 564,8319200.000000001,4.3,3,XL,Unisex,2025-04-13 07:55:45
crewneck 565,7635200.0,3.5,3,XXL,Men,2025-04-13 07:55:45
t-shirt 566,2611360.0,4.6,3,S,Women,2025-04-13 07:55:45
hoodie 567,4576160.0,3.2,3,M,Unisex,2025-04-13 07:55:45
pants 568,2984160.0,3.3,3,L,Men,2025-04-13 07:55:45
outerwear 569,4966880.0,4.7,3,XL,Women,2025-04-13 07:55:45
jacket 570,4000960.0,3.9,3,XXL,Unisex,2025-04-13 07:55:45
t-shirt 572,4756320.0,3.2,3,M,Women,2025-04-13 07:55:45
hoodie 573,6954080.0,4.5,3,L,Unisex,2025-04-13 07:55:45
pants 574,2424000.0,3.8,3,XL,Men,2025-04-13 07:55:45
outerwear 575,3517760.0,3.4,3,XXL,Women,2025-04-13 07:55:45
jacket 576,805600.0,3.5,3,S,Unisex,2025-04-13 07:55:45
crewneck 577,7873920.0,3.3,3,M,Men,2025-04-13 07:55:45
t-shirt 578,7958880.0,4.1,3,L,Women,2025-04-13 07:55:45
hoodie 579,4428640.0,4.4,3,XL,Unisex,2025-04-13 07:55:45
pants 580,2625440.0,3.3,3,XXL,Men,2025-04-13 07:55:45
jacket 582,4112160.0,4.1,3,M,Unisex,2025-04-13 07:55:46
crewneck 583,5737760.0,4.5,3,L,Men,2025-04-13 07:55:46
t-shirt 584,6964960.0,4.8,3,XL,Women,2025-04-13 07:55:46
hoodie 585,6186880.0,4.9,3,XXL,Unisex,2025-04-13 07:55:46
outerwear 587,4424960.0,4.4,3,M,Women,2025-04-13 07:55:46
jacket 588,4963040.0,4.7,3,L,Unisex,2025-04-13 07:55:46
crewneck 589,931840.0,4.7,3,XL,Men,2025-04-13 07:55:46
t-shirt 590,6457120.0,3.9,3,XXL,Women,2025-04-13 07:55:46
pants 592,6805440.0,4.3,3,M,Men,2025-04-13 07:55:46
outerwear 593,7163840.0,3.9,3,L,Women,2025-04-13 07:55:46
jacket 594,8707680.0,4.2,3,XL,Unisex,2025-04-13 07:55:46
crewneck 595,3723840.0,3.5,3,XXL,Men,2025-04-13 07:55:46
t-shirt 596,8290400.0,4.4,3,S,Women,2025-04-13 07:55:46
hoodie 597,7969440.0,3.3,3,M,Unisex,2025-04-13 07:55:46
pants 598,4714080.0,4.1,3,L,Men,2025-04-13 07:55:46
outerwear 599,1179040.0,3.3,3,XL,Women,2025-04-13 07:55:46
jacket 600,6414080.0,3.0,3,XXL,Unisex,2025-04-13 07:55:46
t-shirt 602,2260960.0,4.4,3,M,Women,2025-04-13 07:55:46
hoodie 603,7511520.0,3.1,3,L,Unisex,2025-04-13 07:55:46
pants 604,7662240.0,4.3,3,XL,Men,2025-04-13 07:55:46
outerwear 605,1710720.0,3.7,3,XXL,Women,2025-04-13 07:55:46
jacket 606,5770720.0,4.6,3,S,Unisex,2025-04-13 07:55:46
crewneck 607,3857600.0,3.1,3,M,Men,2025-04-13 07:55:46
t-shirt 608,7047840.0,4.6,3,L,Women,2025-04-13 07:55:46
hoodie 609,2956320.0,4.1,3,XL,Unisex,2025-04-13 07:55:46
pants 610,4515360.0,3.3,3,XXL,Men,2025-04-13 07:55:46
jacket 612,3202720.0,3.1,3,M,Unisex,2025-04-13 07:55:46
crewneck 613,1013920.0,3.6,3,L,Men,2025-04-13 07:55:46
t-shirt 614,2428160.0,3.1,3,XL,Women,2025-04-13 07:55:46
hoodie 615,4798720.0,4.8,3,XXL,Unisex,2025-04-13 07:55:46
outerwear 617,1765920.0,4.3,3,M,Women,2025-04-13 07:55:46
jacket 618,6474080.0,3.3,3,L,Unisex,2025-04-13 07:55:46
crewneck 619,8340639.999999999,4.4,3,XL,Men,2025-04-13 07:55:46
t-shirt 620,2270240.0,3.3,3,XXL,Women,2025-04-13 07:55:46
pants 622,4849600.0,3.5,3,M,Men,2025-04-13 07:55:47
outerwear 623,7299520.0,4.6,3,L,Women,2025-04-13 07:55:47
jacket 624,6943200.0,3.9,3,XL,Unisex,2025-04-13 07:55:47
crewneck 625,7826400.0,4.1,3,XXL,Men,2025-04-13 07:55:47
t-shirt 626,7777440.0,4.5,3,S,Women,2025-04-13 07:55:47
hoodie 627,1232320.0,3.2,3,M,Unisex,2025-04-13 07:55:47
pants 628,8113120.0,4.3,3,L,Men,2025-04-13 07:55:47
outerwear 629,3997920.0,4.4,3,XL,Women,2025-04-13 07:55:47
jacket 630,1003680.0,3.8,3,XXL,Unisex,2025-04-13 07:55:47
t-shirt 632,4314240.0,3.6,3,M,Women,2025-04-13 07:55:47
hoodie 633,3128000.0,3.1,3,L,Unisex,2025-04-13 07:55:47
pants 634,8535680.0,3.9,3,XL,Men,2025-04-13 07:55:47
outerwear 635,6897120.0,4.1,3,XXL,Women,2025-04-13 07:55:47
jacket 636,3476320.0,4.5,3,S,Unisex,2025-04-13 07:55:47
crewneck 637,6030240.0,4.0,3,M,Men,2025-04-13 07:55:47
t-shirt 638,5220960.0,4.6,3,L,Women,2025-04-13 07:55:47
hoodie 639,6782720.0,4.7,3,XL,Unisex,2025-04-13 07:55:47
pants 640,3038560.0,3.8,3,XXL,Men,2025-04-13 07:55:47
jacket 642,7747360.0,4.7,3,M,Unisex,2025-04-13 07:55:48
crewneck 643,6116000.0,3.2,3,L,Men,2025-04-13 07:55:48
t-shirt 644,7479360.0,4.2,3,XL,Women,2025-04-13 07:55:48
hoodie 645,3285440.0,3.3,3,XXL,Unisex,2025-04-13 07:55:48
outerwear 647,4304960.0,3.8,3,M,Women,2025-04-13 07:55:48
jacket 648,8699520.0,4.5,3,L,Unisex,2025-04-13 07:55:48
crewneck 649,8588160.0,3.2,3,XL,Men,2025-04-13 07:55:48
t-shirt 650,8012800.0,3.4,3,XXL,Women,2025-04-13 07:55:48
pants 652,6084960.0,3.3,3,M,Men,2025-04-13 07:55:48
outerwear 653,2622080.0,4.0,3,L,Women,2025-04-13 07:55:48
jacket 654,4089440.0,4.7,3,XL,Unisex,2025-04-13 07:55:48
crewneck 655,1834240.0,4.1,3,XXL,Men,2025-04-13 07:55:48
t-shirt 656,2538720.0,4.2,3,S,Women,2025-04-13 07:55:48
hoodie 657,8459040.0,4.8,3,M,Unisex,2025-04-13 07:55:48
pants 658,6268320.0,3.8,3,L,Men,2025-04-13 07:55:48
outerwear 659,1817920.0,3.3,3,XL,Women,2025-04-13 07:55:48
jacket 660,8715200.0,3.5,3,XXL,Unisex,2025-04-13 07:55:48
t-shirt 662,1422720.0,4.5,3,M,Women,2025-04-13 07:55:49
hoodie 663,7087200.0,4.0,3,L,Unisex,2025-04-13 07:55:49
pants 664,8248639.999999999,3.5,3,XL,Men,2025-04-13 07:55:49
outerwear 665,4033600.0,3.2,3,XXL,Women,2025-04-13 07:55:49
jacket 666,4844000.0,3.9,3,S,Unisex,2025-04-13 07:55:49
crewneck 667,1756640.0,3.7,3,M,Men,2025-04-13 07:55:49
t-shirt 668,5044640.0,3.7,3,L,Women,2025-04-13 07:55:49
hoodie 669,2346080.0,3.3,3,XL,Unisex,2025-04-13 07:55:49
pants 670,8406720.0,4.8,3,XXL,Men,2025-04-13 07:55:49
jacket 672,4776160.0,4.5,3,M,Unisex,2025-04-13 07:55:49
crewneck 673,2803360.0,4.7,3,L,Men,2025-04-13 07:55:49
t-shirt 674,3156640.0,3.1,3,XL,Women,2025-04-13 07:55:49
hoodie 675,4314880.0,3.2,3,XXL,Unisex,2025-04-13 07:55:49
outerwear 677,4657440.0,3.3,3,M,Women,2025-04-13 07:55:49
jacket 678,2777120.0,4.3,3,L,Unisex,2025-04-13 07:55:49
crewneck 679,6373120.0,3.2,3,XL,Men,2025-04-13 07:55:49
t-shirt 680,8164800.0,3.2,3,XXL,Women,2025-04-13 07:55:49
pants 682,7616480.0,3.9,3,M,Men,2025-04-13 07:55:50
outerwear 683,3907360.0,3.6,3,L,Women,2025-04-13 07:55:50
jacket 684,7102560.0,3.5,3,XL,Unisex,2025-04-13 07:55:50
crewneck 685,1495840.0,4.6,3,XXL,Men,2025-04-13 07:55:50
t-shirt 686,5381760.0,3.8,3,S,Women,2025-04-13 07:55:50
hoodie 687,4220800.0,4.7,3,M,Unisex,2025-04-13 07:55:50
pants 688,1487520.0,4.4,3,L,Men,2025-04-13 07:55:50
outerwear 689,1939040.0,4.6,3,XL,Women,2025-04-13 07:55:50
jacket 690,8782560.0,4.7,3,XXL,Unisex,2025-04-13 07:55:50
t-shirt 692,1416480.0,4.1,3,M,Women,2025-04-13 07:55:50
hoodie 693,3031680.0,4.1,3,L,Unisex,2025-04-13 07:55:50
pants 694,2466720.0,3.4,3,XL,Men,2025-04-13 07:55:50
outerwear 695,959360.0,3.3,3,XXL,Women,2025-04-13 07:55:50
jacket 696,5146240.0,4.2,3,S,Unisex,2025-04-13 07:55:50
crewneck 697,6545120.0,5.0,3,M,Men,2025-04-13 07:55:50
t-shirt 698,2444960.0,4.1,3,L,Women,2025-04-13 07:55:50
hoodie 699,5250240.0,4.5,3,XL,Unisex,2025-04-13 07:55:50
pants 700,3526560.0,4.3,3,XXL,Men,2025-04-13 07:55:50
jacket 702,4927680.0,4.3,3,M,Unisex,2025-04-13 07:55:51
crewneck 703,2949120.0,4.2,3,L,Men,2025-04-13 07:55:51
t-shirt 704,6214240.0,4.1,3,XL,Women,2025-04-13 07:55:51
hoodie 705,3042880.0,3.1,3,XXL,Unisex,2025-04-13 07:55:51
outerwear 707,7746240.0,4.4,3,M,Women,2025-04-13 07:55:51
jacket 708,8541280.0,4.3,3,L,Unisex,2025-04-13 07:55:51
crewneck 709,7022400.0,3.9,3,XL,Men,2025-04-13 07:55:51
t-shirt 710,3751520.0,3.2,3,XXL,Women,2025-04-13 07:55:51
pants 712,1510400.0,4.1,3,M,Men,2025-04-13 07:55:51
outerwear 713,3142880.0,4.4,3,L,Women,2025-04-13 07:55:51
jacket 714,892320.0,3.1,3,XL,Unisex,2025-04-13 07:55:51
crewneck 715,7021760.0,3.9,3,XXL,Men,2025-04-13 07:55:51
t-shirt 716,3602560.0,4.9,3,S,Women,2025-04-13 07:55:51
hoodie 717,1532800.0,3.6,3,M,Unisex,2025-04-13 07:55:51
pants 718,4057120.0,3.2,3,L,Men,2025-04-13 07:55:51
outerwear 719,3172960.0,4.7,3,XL,Women,2025-04-13 07:55:51
jacket 720,2028320.0,3.8,3,XXL,Unisex,2025-04-13 07:55:51
t-shirt 722,8724320.0,3.2,3,M,Women,2025-04-13 07:55:52
hoodie 723,5664800.0,3.4,3,L,Unisex,2025-04-13 07:55:52
pants 724,4824800.0,4.7,3,XL,Men,2025-04-13 07:55:52
outerwear 725,4979200.0,3.0,3,XXL,Women,2025-04-13 07:55:52
jacket 726,6345920.0,3.5,3,S,Unisex,2025-04-13 07:55:52
crewneck 727,4024000.0,4.8,3,M,Men,2025-04-13 07:55:52
t-shirt 728,8173440.0,3.0,3,L,Women,2025-04-13 07:55:52
hoodie 729,6431360.0,3.6,3,XL,Unisex,2025-04-13 07:55:52
pants 730,7228800.0,4.5,3,XXL,Men,2025-04-13 07:55:52
jacket 732,6597600.0,3.9,3,M,Unisex,2025-04-13 07:55:52
crewneck 733,1162880.0,4.7,3,L,Men,2025-04-13 07:55:52
t-shirt 734,6858560.0,4.2,3,XL,Women,2025-04-13 07:55:52
hoodie 735,4664320.0,4.0,3,XXL,Unisex,2025-04-13 07:55:52
outerwear 737,1015680.0,4.7,3,M,Women,2025-04-13 07:55:52
jacket 738,1893920.0,3.7,3,L,Unisex,2025-04-13 07:55:52
crewneck 739,8072960.0,3.3,3,XL,Men,2025-04-13 07:55:52
t-shirt 740,7016640.0,3.4,3,XXL,Women,2025-04-13 07:55:52
pants 742,5626080.0,3.6,3,M,Men,2025-04-13 07:55:52
outerwear 743,5678080.0,3.0,3,L,Women,2025-04-13 07:55:52
jacket 744,5175680.0,4.1,3,XL,Unisex,2025-04-13 07:55:52
crewneck 745,2882560.0,3.8,3,XXL,Men,2025-04-13 07:55:52
t-shirt 746,1517440.0,5.0,3,S,Women,2025-04-13 07:55:52
hoodie 747,6326880.0,4.7,3,M,Unisex,2025-04-13 07:55:52
pants 748,3134080.0,3.7,3,L,Men,2025-04-13 07:55:52
outerwear 749,2627360.0,3.2,3,XL,Women,2025-04-13 07:55:52
jacket 750,1030400.0000000001,3.7,3,XXL,Unisex,2025-04-13 07:55:52
t-shirt 752,7431520.0,3.8,3,M,Women,2025-04-13 07:55:52
hoodie 753,8137600.0,4.8,3,L,Unisex,2025-04-13 07:55:52
pants 754,7229760.0,3.1,3,XL,Men,2025-04-13 07:55:52
outerwear 755,6910400.0,4.6,3,XXL,Women,2025-04-13 07:55:52
jacket 756,7128000.0,3.1,3,S,Unisex,2025-04-13 07:55:52
crewneck 757,7582720.0,4.4,3,M,Men,2025-04-13 07:55:52
t-shirt 758,6025920.0,3.1,3,L,Women,2025-04-13 07:55:52
hoodie 759,2779840.0,4.7,3,XL,Unisex,2025-04-13 07:55:52
pants 760,2191040.0,4.1,3,XXL,Men,2025-04-13 07:55:52
jacket 762,4091840.0,4.9,3,M,Unisex,2025-04-13 07:55:53
crewneck 763,5792640.0,3.9,3,L,Men,2025-04-13 07:55:53
t-shirt 764,7211680.0,3.4,3,XL,Women,2025-04-13 07:55:53
hoodie 765,1343360.0,4.9,3,XXL,Unisex,2025-04-13 07:55:53
outerwear 767,4152800.0,4.5,3,M,Women,2025-04-13 07:55:53
jacket 768,5662080.0,4.9,3,L,Unisex,2025-04-13 07:55:53
crewneck 769,6294560.0,3.3,3,XL,Men,2025-04-13 07:55:53
t-shirt 770,1655040.0,3.5,3,XXL,Women,2025-04-13 07:55:53
pants 772,8748160.0,3.4,3,M,Men,2025-04-13 07:55:53
outerwear 773,3393600.0,3.2,3,L,Women,2025-04-13 07:55:53
jacket 774,1485760.0,4.1,3,XL,Unisex,2025-04-13 07:55:53
crewneck 775,8189440.0,3.1,3,XXL,Men,2025-04-13 07:55:53
t-shirt 776,5333120.0,3.7,3,S,Women,2025-04-13 07:55:53
hoodie 777,6104800.0,3.4,3,M,Unisex,2025-04-13 07:55:53
pants 778,6034720.0,4.2,3,L,Men,2025-04-13 07:55:53
outerwear 779,5816480.0,3.2,3,XL,Women,2025-04-13 07:55:53
jacket 780,2767520.0,3.4,3,XXL,Unisex,2025-04-13 07:55:53
t-shirt 782,4117439.9999999995,4.5,3,M,Women,2025-04-13 07:55:54
hoodie 783,2510720.0,3.0,3,L,Unisex,2025-04-13 07:55:54
pants 784,5341280.0,3.0,3,XL,Men,2025-04-13 07:55:54
outerwear 785,6444480.0,4.3,3,XXL,Women,2025-04-13 07:55:54
jacket 786,6749280.0,5.0,3,S,Unisex,2025-04-13 07:55:54
crewneck 787,4593600.0,4.7,3,M,Men,2025-04-13 07:55:54
t-shirt 788,3041120.0,4.7,3,L,Women,2025-04-13 07:55:54
hoodie 789,2153280.0,4.0,3,XL,Unisex,2025-04-13 07:55:54
pants 790,1708320.0,3.2,3,XXL,Men,2025-04-13 07:55:54
jacket 792,4068960.0,3.8,3,M,Unisex,2025-04-13 07:55:54
crewneck 793,8650080.0,4.0,3,L,Men,2025-04-13 07:55:54
t-shirt 794,5983040.0,4.0,3,XL,Women,2025-04-13 07:55:54
hoodie 795,4209600.0,3.9,3,XXL,Unisex,2025-04-13 07:55:54
outerwear 797,2771360.0,4.9,3,M,Women,2025-04-13 07:55:54
jacket 798,4391040.0,3.4,3,L,Unisex,2025-04-13 07:55:54
crewneck 799,4048800.0,4.2,3,XL,Men,2025-04-13 07:55:54
t-shirt 800,7433280.0,4.6,3,XXL,Women,2025-04-13 07:55:54
pants 802,5710240.0,4.4,3,M,Men,2025-04-13 07:55:55
outerwear 803,1875360.0,4.3,3,L,Women,2025-04-13 07:55:55
jacket 804,4459040.0,3.9,3,XL,Unisex,2025-04-13 07:55:55
crewneck 805,3266720.0,4.8,3,XXL,Men,2025-04-13 07:55:55
t-shirt 806,7310560.0,3.0,3,S,Women,2025-04-13 07:55:55
hoodie 807,5016000.0,4.7,3,M,Unisex,2025-04-13 07:55:55
pants 808,8717760.0,3.2,3,L,Men,2025-04-13 07:55:55
outerwear 809,7162560.0,3.7,3,XL,Women,2025-04-13 07:55:55
jacket 810,3796640.0,4.8,3,XXL,Unisex,2025-04-13 07:55:55
t-shirt 812,6406080.0,4.2,3,M,Women,2025-04-13 07:55:55
hoodie 813,4872800.0,5.0,3,L,Unisex,2025-04-13 07:55:55
pants 814,1110080.0,4.7,3,XL,Men,2025-04-13 07:55:55
outerwear 815,5985440.0,4.8,3,XXL,Women,2025-04-13 07:55:55
jacket 816,1649120.0,4.5,3,S,Unisex,2025-04-13 07:55:55
crewneck 817,8744160.0,4.4,3,M,Men,2025-04-13 07:55:55
t-shirt 818,5160320.0,3.8,3,L,Women,2025-04-13 07:55:55
hoodie 819,4742400.0,4.7,3,XL,Unisex,2025-04-13 07:55:55
pants 820,6030720.0,3.4,3,XXL,Men,2025-04-13 07:55:55
jacket 822,838240.0,4.2,3,M,Unisex,2025-04-13 07:55:56
crewneck 823,6103520.0,4.7,3,L,Men,2025-04-13 07:55:56
t-shirt 824,3301440.0,4.1,3,XL,Women,2025-04-13 07:55:56
hoodie 825,1058400.0,3.8,3,XXL,Unisex,2025-04-13 07:55:56
outerwear 827,7091040.0,4.8,3,M,Women,2025-04-13 07:55:56
jacket 828,2324000.0,4.6,3,L,Unisex,2025-04-13 07:55:56
crewneck 829,4630400.0,4.4,3,XL,Men,2025-04-13 07:55:56
t-shirt 830,4496480.0,3.0,3,XXL,Women,2025-04-13 07:55:56
pants 832,3955360.0,4.6,3,M,Men,2025-04-13 07:55:56
outerwear 833,7101280.0,3.0,3,L,Women,2025-04-13 07:55:56
jacket 834,7223680.0,3.1,3,XL,Unisex,2025-04-13 07:55:56
crewneck 835,7143360.0,3.9,3,XXL,Men,2025-04-13 07:55:56
t-shirt 836,6065440.0,4.1,3,S,Women,2025-04-13 07:55:56
hoodie 837,5532640.0,5.0,3,M,Unisex,2025-04-13 07:55:56
pants 838,2848800.0,3.1,3,L,Men,2025-04-13 07:55:56
outerwear 839,4208320.0,3.9,3,XL,Women,2025-04-13 07:55:56
jacket 840,8164640.0,3.6,3,XXL,Unisex,2025-04-13 07:55:56
t-shirt 842,2859040.0,3.3,3,M,Women,2025-04-13 07:55:57
hoodie 843,2997120.0,3.6,3,L,Unisex,2025-04-13 07:55:57
pants 844,7422880.0,3.9,3,XL,Men,2025-04-13 07:55:57
outerwear 845,2023200.0,3.2,3,XXL,Women,2025-04-13 07:55:57
jacket 846,7480480.0,3.6,3,S,Unisex,2025-04-13 07:55:57
crewneck 847,4789920.0,3.7,3,M,Men,2025-04-13 07:55:57
t-shirt 848,6134240.0,4.1,3,L,Women,2025-04-13 07:55:57
hoodie 849,7816160.0,3.5,3,XL,Unisex,2025-04-13 07:55:57
pants 850,4144160.0,4.2,3,XXL,Men,2025-04-13 07:55:57
jacket 852,2777280.0,4.1,3,M,Unisex,2025-04-13 07:55:57
crewneck 853,2643840.0,3.4,3,L,Men,2025-04-13 07:55:57
t-shirt 854,1600000.0,4.5,3,XL,Women,2025-04-13 07:55:57
hoodie 855,3249760.0,5.0,3,XXL,Unisex,2025-04-13 07:55:57
outerwear 857,4532800.0,3.0,3,M,Women,2025-04-13 07:55:57
jacket 858,3748640.0,3.7,3,L,Unisex,2025-04-13 07:55:57
crewneck 859,6418560.0,3.0,3,XL,Men,2025-04-13 07:55:57
t-shirt 860,2419360.0,4.7,3,XXL,Women,2025-04-13 07:55:57
pants 862,4131359.9999999995,3.3,3,M,Men,2025-04-13 07:55:57
outerwear 863,1071360.0,4.0,3,L,Women,2025-04-13 07:55:57
jacket 864,2168000.0,4.5,3,XL,Unisex,2025-04-13 07:55:57
crewneck 865,6805120.0,3.9,3,XXL,Men,2025-04-13 07:55:57
t-shirt 866,2399040.0,3.2,3,S,Women,2025-04-13 07:55:57
hoodie 867,1303840.0,3.3,3,M,Unisex,2025-04-13 07:55:57
pants 868,7473760.0,4.6,3,L,Men,2025-04-13 07:55:57
outerwear 869,6040320.0,4.5,3,XL,Women,2025-04-13 07:55:57
jacket 870,6395040.0,3.5,3,XXL,Unisex,2025-04-13 07:55:57
t-shirt 872,1343680.0,4.3,3,M,Women,2025-04-13 07:55:57
hoodie 873,8321600.0,4.8,3,L,Unisex,2025-04-13 07:55:57
pants 874,2755200.0,4.4,3,XL,Men,2025-04-13 07:55:57
outerwear 875,2506720.0,4.6,3,XXL,Women,2025-04-13 07:55:57
jacket 876,3225760.0,4.6,3,S,Unisex,2025-04-13 07:55:57
crewneck 877,4552640.0,4.6,3,M,Men,2025-04-13 07:55:57
t-shirt 878,4809760.0,4.7,3,L,Women,2025-04-13 07:55:57
hoodie 879,1026880.0000000001,3.1,3,XL,Unisex,2025-04-13 07:55:57
pants 880,6497760.0,4.3,3,XXL,Men,2025-04-13 07:55:57
jacket 882,6420960.0,3.3,3,M,Unisex,2025-04-13 07:55:59
crewneck 883,5901120.0,3.6,3,L,Men,2025-04-13 07:55:59
t-shirt 884,7414720.0,4.3,3,XL,Women,2025-04-13 07:55:59
hoodie 885,4760640.0,3.4,3,XXL,Unisex,2025-04-13 07:55:59
outerwear 887,7806400.0,3.8,3,M,Women,2025-04-13 07:55:59
jacket 888,7869280.0,4.2,3,L,Unisex,2025-04-13 07:55:59
crewneck 889,6333920.0,4.6,3,XL,Men,2025-04-13 07:55:59
t-shirt 890,6439040.0,4.7,3,XXL,Women,2025-04-13 07:55:59
pants 892,8515360.0,4.4,3,M,Men,2025-04-13 07:55:59
outerwear 893,2673600.0,3.2,3,L,Women,2025-04-13 07:55:59
jacket 894,2946560.0,4.8,3,XL,Unisex,2025-04-13 07:55:59
crewneck 895,1126720.0,4.3,3,XXL,Men,2025-04-13 07:55:59
t-shirt 896,7873760.0,4.9,3,S,Women,2025-04-13 07:55:59
hoodie 897,6077920.0,3.1,3,M,Unisex,2025-04-13 07:55:59
pants 898,8408640.0,4.1,3,L,Men,2025-04-13 07:55:59
outerwear 899,6192960.0,4.8,3,XL,Women,2025-04-13 07:55:59
jacket 900,7214240.0,3.3,3,XXL,Unisex,2025-04-13 07:55:59
t-shirt 902,3164000.0,3.6,3,M,Women,2025-04-13 07:55:59
hoodie 903,2617920.0,4.1,3,L,Unisex,2025-04-13 07:55:59
pants 904,3356320.0,3.9,3,XL,Men,2025-04-13 07:55:59
outerwear 905,5027840.0,4.9,3,XXL,Women,2025-04-13 07:55:59
jacket 906,4301760.0,3.9,3,S,Unisex,2025-04-13 07:55:59
crewneck 907,8732640.0,4.9,3,M,Men,2025-04-13 07:55:59
t-shirt 908,7954880.0,4.2,3,L,Women,2025-04-13 07:55:59
hoodie 909,8383840.0,3.6,3,XL,Unisex,2025-04-13 07:55:59
pants 910,2395200.0,4.7,3,XXL,Men,2025-04-13 07:55:59
jacket 912,7853280.0,4.9,3,M,Unisex,2025-04-13 07:55:59
crewneck 913,3222240.0,3.5,3,L,Men,2025-04-13 07:55:59
t-shirt 914,5799200.0,4.6,3,XL,Women,2025-04-13 07:55:59
hoodie 915,2649120.0,4.2,3,XXL,Unisex,2025-04-13 07:55:59
outerwear 917,6061600.0,4.0,3,M,Women,2025-04-13 07:55:59
jacket 918,5380800.0,3.3,3,L,Unisex,2025-04-13 07:55:59
crewneck 919,8364000.0,4.7,3,XL,Men,2025-04-13 07:55:59
t-shirt 920,3706080.0,3.2,3,XXL,Women,2025-04-13 07:55:59
pants 922,1210880.0,4.4,3,M,Men,2025-04-13 07:56:00
outerwear 923,2435840.0,3.7,3,L,Women,2025-04-13 07:56:00
jacket 924,3764320.0,3.8,3,XL,Unisex,2025-04-13 07:56:00
crewneck 925,7900800.0,4.5,3,XXL,Men,2025-04-13 07:56:00
t-shirt 926,1911040.0,4.6,3,S,Women,2025-04-13 07:56:00
hoodie 927,7706400.0,3.5,3,M,Unisex,2025-04-13 07:56:00
pants 928,3911680.0,3.4,3,L,Men,2025-04-13 07:56:00
outerwear 929,1253440.0,3.3,3,XL,Women,2025-04-13 07:56:00
jacket 930,1741120.0,4.9,3,XXL,Unisex,2025-04-13 07:56:00
t-shirt 932,5937600.0,4.2,3,M,Women,2025-04-13 07:56:00
hoodie 933,4960800.0,3.4,3,L,Unisex,2025-04-13 07:56:00
pants 934,2248160.0,3.6,3,XL,Men,2025-04-13 07:56:00
outerwear 935,6048000.0,4.1,3,XXL,Women,2025-04-13 07:56:00
jacket 936,6165440.0,3.1,3,S,Unisex,2025-04-13 07:56:00
crewneck 937,2475360.0,4.1,3,M,Men,2025-04-13 07:56:00
t-shirt 938,4058400.0,3.6,3,L,Women,2025-04-13 07:56:00
hoodie 939,4466080.0,4.8,3,XL,Unisex,2025-04-13 07:56:00
pants 940,5776000.0,3.7,3,XXL,Men,2025-04-13 07:56:00
jacket 942,7972960.0,3.0,3,M,Unisex,2025-04-13 07:56:01
crewneck 943,4571040.0,4.4,3,L,Men,2025-04-13 07:56:01
t-shirt 944,1578240.0,4.6,3,XL,Women,2025-04-13 07:56:01
hoodie 945,2107680.0,4.2,3,XXL,Unisex,2025-04-13 07:56:01
outerwear 947,7079680.0,4.6,3,M,Women,2025-04-13 07:56:01
jacket 948,4600480.0,3.9,3,L,Unisex,2025-04-13 07:56:01
crewneck 949,1844320.0,4.4,3,XL,Men,2025-04-13 07:56:01
t-shirt 950,7691680.0,4.9,3,XXL,Women,2025-04-13 07:56:01
pants 952,7155040.0,3.7,3,M,Men,2025-04-13 07:56:01
outerwear 953,8423200.0,3.8,3,L,Women,2025-04-13 07:56:01
jacket 954,3878720.0,4.1,3,XL,Unisex,2025-04-13 07:56:01
crewneck 955,7006560.0,4.7,3,XXL,Men,2025-04-13 07:56:01
t-shirt 956,4457600.0,3.1,3,S,Women,2025-04-13 07:56:01
hoodie 957,4024320.0,4.4,3,M,Unisex,2025-04-13 07:56:01
pants 958,3946240.0,4.8,3,L,Men,2025-04-13 07:56:01
outerwear 959,6828480.0,4.6,3,XL,Women,2025-04-13 07:56:01
jacket 960,5840160.0,4.5,3,XXL,Unisex,2025-04-13 07:56:01
t-shirt 962,2887840.0,4.1,3,M,Women,2025-04-13 07:56:02
hoodie 963,7916160.0,4.6,3,L,Unisex,2025-04-13 07:56:02
pants 964,3885280.0,3.3,3,XL,Men,2025-04-13 07:56:02
outerwear 965,3107200.0,4.5,3,XXL,Women,2025-04-13 07:56:02
jacket 966,8499520.0,4.9,3,S,Unisex,2025-04-13 07:56:02
crewneck 967,1744000.0,3.5,3,M,Men,2025-04-13 07:56:02
t-shirt 968,4045120.0,4.4,3,L,Women,2025-04-13 07:56:02
hoodie 969,4231840.0,3.8,3,XL,Unisex,2025-04-13 07:56:02
pants 970,952960.0,4.6,3,XXL,Men,2025-04-13 07:56:02
jacket 972,7272000.0,4.4,3,M,Unisex,2025-04-13 07:56:02
crewneck 973,7134400.0,3.9,3,L,Men,2025-04-13 07:56:02
t-shirt 974,4769280.0,3.0,3,XL,Women,2025-04-13 07:56:02
hoodie 975,4816000.0,3.6,3,XXL,Unisex,2025-04-13 07:56:02
outerwear 977,3356000.0,3.6,3,M,Women,2025-04-13 07:56:02
jacket 978,3918240.0,3.6,3,L,Unisex,2025-04-13 07:56:02
crewneck 979,4848480.0,3.4,3,XL,Men,2025-04-13 07:56:02
t-shirt 980,6544000.0,3.1,3,XXL,Women,2025-04-13 07:56:02
pants 982,7281760.0,4.9,3,M,Men,2025-04-13 07:56:03
outerwear 983,5762560.0,3.2,3,L,Women,2025-04-13 07:56:03
jacket 984,7349440.0,3.8,3,XL,Unisex,2025-04-13 07:56:03
crewneck 985,6236000.0,4.3,3,XXL,Men,2025-04-13 07:56:03
t-shirt 986,6713760.0,4.5,3,S,Women,2025-04-13 07:56:03
hoodie 987,4008000.0,4.7,3,M,Unisex,2025-04-13 07:56:03
pants 988,2054239.9999999998,3.5,3,L,Men,2025-04-13 07:56:03
outerwear 989,6869440.0,4.2,3,XL,Women,2025-04-13 07:56:03
jacket 990,3327360.0,4.2,3,XXL,Unisex,2025-04-13 07:56:03
t-shirt 992,4840480.0,4.9,3,M,Women,2025-04-13 07:56:03
hoodie 993,6361920.0,3.4,3,L,Unisex,2025-04-13 07:56:03
pants 994,1693760.0,4.4,3,XL,Men,2025-04-13 07:56:03
outerwear 995,8046720.0,3.2,3,XXL,Women,2025-04-13 07:56:03
jacket 996,6942400.0,4.3,3,S,Unisex,2025-04-13 07:56:03
crewneck 997,5321280.0,3.9,3,M,Men,2025-04-13 07:56:03
t-shirt 998,908000.0,4.2,3,L,Women,2025-04-13 07:56:03
hoodie 999,8534240.0,4.8,3,XL,Unisex,2025-04-13 07:56:03
pants 1000,2938240.0,4.7,3,XXL,Men,2025-04-13 07:56:03
